[{"model": "oneplace.instructor", "pk": 3, "fields": {"instructor_alt_id": "no instructor id", "first_name": "Dave", "last_name": "Johnson", "address": "", "zipcode": "", "state": "", "city": "", "cell_phone": "###-###-####", "rate": "56.50", "instructor_picture": "head_shot5_FP7eUhj.jpg"}}, {"model": "oneplace.instructor", "pk": 5, "fields": {"instructor_alt_id": "no instructor id", "first_name": "Yolanda", "last_name": "Green", "address": "", "zipcode": "", "state": "", "city": "", "cell_phone": "###-###-####", "rate": "0.00", "instructor_picture": "headshot10.jpg"}}, {"model": "oneplace.instructor", "pk": 8, "fields": {"instructor_alt_id": "no instructor id", "first_name": "Jesse", "last_name": "Duffy", "address": "P.O. Box 168, 6043 Ornare, St.", "zipcode": "84830", "state": "Tennessee", "city": "Nashville", "cell_phone": "788-168-9753", "rate": "0.00", "instructor_picture": "headshot7.jpg"}}, {"model": "oneplace.instructor", "pk": 9, "fields": {"instructor_alt_id": "no instructor id", "first_name": "Blake", "last_name": "Dotson", "address": "520-246 Ut, St.", "zipcode": "11705", "state": "Utah", "city": "Sandy", "cell_phone": "248-353-7324", "rate": "0.00", "instructor_picture": "default2.jpg"}}, {"model": "oneplace.instructor", "pk": 10, "fields": {"instructor_alt_id": "no instructor id", "first_name": "Wang", "last_name": "Stein", "address": "936-354 Proin Rd.", "zipcode": "92314", "state": "California", "city": "Fresno", "cell_phone": "790-758-4123", "rate": "0.00", "instructor_picture": "default2.jpg"}}, {"model": "oneplace.instructor", "pk": 11, "fields": {"instructor_alt_id": "no instructor id", "first_name": "Lars", "last_name": "Franklin", "address": "636-5765 Sed St.", "zipcode": "27915", "state": "Louisiana", "city": "Lafayette", "cell_phone": "105-128-6604", "rate": "0.00", "instructor_picture": "default2.jpg"}}, {"model": "oneplace.instructor", "pk": 12, "fields": {"instructor_alt_id": "no instructor id", "first_name": "Nigel", "last_name": "Roach", "address": "5240 Dui Ave", "zipcode": "28245", "state": "Illinois", "city": "Aurora", "cell_phone": "724-149-1602", "rate": "0.00", "instructor_picture": "default2.jpg"}}, {"model": "oneplace.instructor", "pk": 13, "fields": {"instructor_alt_id": "no instructor id", "first_name": "Sydnee", "last_name": "Lee", "address": "Ap #137-738 Aliquam Road", "zipcode": "26392", "state": "Wisconsin", "city": "Green Bay", "cell_phone": "835-208-7035", "rate": "0.00", "instructor_picture": "default2.jpg"}}, {"model": "oneplace.instructor", "pk": 14, "fields": {"instructor_alt_id": "no instructor id", "first_name": "Noble", "last_name": "Goodman", "address": "6959 Per Street", "zipcode": "19615", "state": "Delaware", "city": "Dover", "cell_phone": "675-156-3100", "rate": "60.00", "instructor_picture": "headshot9.jpg"}}, {"model": "oneplace.instructor", "pk": 16, "fields": {"instructor_alt_id": "no instructor id", "first_name": "TaShya", "last_name": "Kemp", "address": "Ap #175-7414 Eget, Rd.", "zipcode": "11509", "state": "Tennessee", "city": "Clarksville", "cell_phone": "418-729-8882", "rate": "0.00", "instructor_picture": "default2.jpg"}}, {"model": "oneplace.instructor", "pk": 17, "fields": {"instructor_alt_id": "no instructor id", "first_name": "Kaden", "last_name": "Mendez", "address": "589-8996 Nisi. Rd.", "zipcode": "83762", "state": "Nevada", "city": "Paradise", "cell_phone": "378-137-3492", "rate": "75.50", "instructor_picture": "headshot12.jpg"}}, {"model": "oneplace.instructor", "pk": 20, "fields": {"instructor_alt_id": "no instructor id", "first_name": "Audrey", "last_name": "Bailey", "address": "7670 Sociis Avenue", "zipcode": "84618", "state": "Oklahoma", "city": "Broken Arrow", "cell_phone": "285-423-6370", "rate": "0.00", "instructor_picture": "default2.jpg"}}, {"model": "oneplace.instructor", "pk": 21, "fields": {"instructor_alt_id": "no instructor id", "first_name": "Rafael", "last_name": "Alvarado", "address": "P.O. Box 724, 6864 Suspendisse St.", "zipcode": "17513", "state": "Vermont", "city": "Colchester", "cell_phone": "535-549-6833", "rate": "0.00", "instructor_picture": "default2.jpg"}}, {"model": "oneplace.instructor", "pk": 22, "fields": {"instructor_alt_id": "no instructor id", "first_name": "Quon", "last_name": "Mcconnell", "address": "561-5957 Ipsum St.", "zipcode": "83806", "state": "Iowa", "city": "Sioux City", "cell_phone": "875-389-9532", "rate": "0.00", "instructor_picture": "default2.jpg"}}, {"model": "oneplace.instructor", "pk": 23, "fields": {"instructor_alt_id": "no instructor id", "first_name": "Allistair", "last_name": "Powell", "address": "Ap #755-2022 Ipsum St.", "zipcode": "11165", "state": "Utah", "city": "Provo", "cell_phone": "414-945-1651", "rate": "0.00", "instructor_picture": "default2.jpg"}}, {"model": "oneplace.instructor", "pk": 24, "fields": {"instructor_alt_id": "no instructor id", "first_name": "Wylie", "last_name": "Buck", "address": "764-8751 Nunc Rd.", "zipcode": "20684", "state": "Georgia", "city": "Augusta", "cell_phone": "293-626-7848", "rate": "0.00", "instructor_picture": "default2.jpg"}}, {"model": "oneplace.instructor", "pk": 25, "fields": {"instructor_alt_id": "no instructor id", "first_name": "Ignatius", "last_name": "Hess", "address": "108-1416 At St.", "zipcode": "98497", "state": "Iowa", "city": "Sioux City", "cell_phone": "497-369-2350", "rate": "0.00", "instructor_picture": "default2.jpg"}}, {"model": "oneplace.instructor", "pk": 26, "fields": {"instructor_alt_id": "no instructor id", "first_name": "Kelly", "last_name": "Case", "address": "9333 Non St.", "zipcode": "24778", "state": "Massachusetts", "city": "Springfield", "cell_phone": "493-830-1397", "rate": "25.00", "instructor_picture": "headshot8.jpg"}}, {"model": "oneplace.instructor", "pk": 27, "fields": {"instructor_alt_id": "no instructor id", "first_name": "Unity", "last_name": "Sims", "address": "607-6373 Nulla St.", "zipcode": "99560", "state": "Alaska", "city": "College", "cell_phone": "878-326-6228", "rate": "0.00", "instructor_picture": "default2.jpg"}}, {"model": "oneplace.instructor", "pk": 28, "fields": {"instructor_alt_id": "no instructor id", "first_name": "Gemma", "last_name": "Webb", "address": "506-2205 Et Road", "zipcode": "69243", "state": "Missouri", "city": "Saint Louis", "cell_phone": "767-282-6737", "rate": "0.00", "instructor_picture": "default2.jpg"}}, {"model": "oneplace.instructor", "pk": 29, "fields": {"instructor_alt_id": "no instructor id", "first_name": "Dara", "last_name": "Buck", "address": "P.O. Box 313, 322 Ornare, Avenue", "zipcode": "86905", "state": "Virginia", "city": "Virginia Beach", "cell_phone": "851-925-0729", "rate": "0.00", "instructor_picture": "default2.jpg"}}, {"model": "oneplace.instructor", "pk": 30, "fields": {"instructor_alt_id": "no instructor id", "first_name": "Heather", "last_name": "Hayden", "address": "617-8655 Odio. Street", "zipcode": "99964", "state": "Alaska", "city": "College", "cell_phone": "480-958-0664", "rate": "0.00", "instructor_picture": "default2.jpg"}}, {"model": "oneplace.instructor", "pk": 31, "fields": {"instructor_alt_id": "no instructor id", "first_name": "Hiram", "last_name": "Benson", "address": "279-4283 Velit. Rd.", "zipcode": "48716", "state": "Connecticut", "city": "Hartford", "cell_phone": "378-856-0105", "rate": "0.00", "instructor_picture": "default2.jpg"}}, {"model": "oneplace.instructor", "pk": 32, "fields": {"instructor_alt_id": "no instructor id", "first_name": "Maile", "last_name": "Mcgowan", "address": "Ap #441-394 Et, Av.", "zipcode": "98541", "state": "Kansas", "city": "Topeka", "cell_phone": "841-185-9180", "rate": "0.00", "instructor_picture": "default2.jpg"}}, {"model": "oneplace.instructor", "pk": 33, "fields": {"instructor_alt_id": "no instructor id", "first_name": "Steven", "last_name": "Dillard", "address": "7753 Felis. Rd.", "zipcode": "15117", "state": "Florida", "city": "St. Petersburg", "cell_phone": "674-184-6841", "rate": "0.00", "instructor_picture": "default2.jpg"}}, {"model": "oneplace.instructor", "pk": 34, "fields": {"instructor_alt_id": "no instructor id", "first_name": "Brittany", "last_name": "Barrera", "address": "228-7170 Luctus Road", "zipcode": "93922", "state": "Montana", "city": "Helena", "cell_phone": "712-452-3927", "rate": "0.00", "instructor_picture": "default2.jpg"}}, {"model": "oneplace.instructor", "pk": 35, "fields": {"instructor_alt_id": "no instructor id", "first_name": "Hiram", "last_name": "Albert", "address": "Ap #963-1388 Dapibus St.", "zipcode": "53550", "state": "Florida", "city": "Tallahassee", "cell_phone": "981-719-6341", "rate": "0.00", "instructor_picture": "default2.jpg"}}, {"model": "oneplace.instructor", "pk": 36, "fields": {"instructor_alt_id": "no instructor id", "first_name": "Kevyn", "last_name": "Knapp", "address": "6128 Convallis St.", "zipcode": "81244", "state": "Texas", "city": "San Antonio", "cell_phone": "223-609-4563", "rate": "0.00", "instructor_picture": "default2.jpg"}}, {"model": "oneplace.instructor", "pk": 37, "fields": {"instructor_alt_id": "no instructor id", "first_name": "Kaye", "last_name": "Pope", "address": "9727 At St.", "zipcode": "80209", "state": "Connecticut", "city": "New Haven", "cell_phone": "589-173-3359", "rate": "0.00", "instructor_picture": "default2.jpg"}}, {"model": "oneplace.instructor", "pk": 38, "fields": {"instructor_alt_id": "no instructor id", "first_name": "Aidan", "last_name": "Guerra", "address": "3757 Ullamcorper Avenue", "zipcode": "99580", "state": "Alaska", "city": "Juneau", "cell_phone": "474-495-0495", "rate": "0.00", "instructor_picture": "default2.jpg"}}, {"model": "oneplace.instructor", "pk": 39, "fields": {"instructor_alt_id": "no instructor id", "first_name": "Andrew", "last_name": "Simon", "address": "Ap #256-6839 Posuere Street", "zipcode": "45845", "state": "Vermont", "city": "Montpelier", "cell_phone": "114-749-6412", "rate": "0.00", "instructor_picture": "default2.jpg"}}, {"model": "oneplace.instructor", "pk": 40, "fields": {"instructor_alt_id": "no instructor id", "first_name": "Thaddeus", "last_name": "Strickland", "address": "P.O. Box 982, 8262 Pellentesque Ave", "zipcode": "71123", "state": "Arkansas", "city": "Fayetteville", "cell_phone": "723-828-8827", "rate": "0.00", "instructor_picture": "default2.jpg"}}, {"model": "oneplace.instructor", "pk": 41, "fields": {"instructor_alt_id": "no instructor id", "first_name": "Keely", "last_name": "Mcclain", "address": "Ap #509-8077 Donec Street", "zipcode": "75134", "state": "Oklahoma", "city": "Broken Arrow", "cell_phone": "625-583-9676", "rate": "0.00", "instructor_picture": "default2.jpg"}}, {"model": "oneplace.instructor", "pk": 42, "fields": {"instructor_alt_id": "no instructor id", "first_name": "Ignatius", "last_name": "Greene", "address": "Ap #460-605 Vestibulum Ave", "zipcode": "44612", "state": "Nebraska", "city": "Lincoln", "cell_phone": "216-289-4749", "rate": "0.00", "instructor_picture": "default2.jpg"}}, {"model": "oneplace.instructor", "pk": 43, "fields": {"instructor_alt_id": "no instructor id", "first_name": "Lani", "last_name": "Hendrix", "address": "9741 Arcu Rd.", "zipcode": "47431", "state": "Colorado", "city": "Colorado Springs", "cell_phone": "560-251-9317", "rate": "0.00", "instructor_picture": "default2.jpg"}}, {"model": "oneplace.instructor", "pk": 44, "fields": {"instructor_alt_id": "no instructor id", "first_name": "Dai", "last_name": "Sampson", "address": "Ap #518-7611 Vivamus Street", "zipcode": "75261", "state": "Delaware", "city": "Newark", "cell_phone": "479-336-0054", "rate": "0.00", "instructor_picture": "default2.jpg"}}, {"model": "oneplace.instructor", "pk": 45, "fields": {"instructor_alt_id": "no instructor id", "first_name": "Akeem", "last_name": "Holder", "address": "3810 Cras St.", "zipcode": "96042", "state": "Tennessee", "city": "Memphis", "cell_phone": "140-240-8866", "rate": "0.00", "instructor_picture": "default2.jpg"}}, {"model": "oneplace.instructor", "pk": 46, "fields": {"instructor_alt_id": "no instructor id", "first_name": "Macy", "last_name": "Welch", "address": "Ap #127-2336 Ligula. St.", "zipcode": "69949", "state": "Georgia", "city": "Georgia", "cell_phone": "649-144-0730", "rate": "0.00", "instructor_picture": "default2.jpg"}}, {"model": "oneplace.instructor", "pk": 47, "fields": {"instructor_alt_id": "no instructor id", "first_name": "Jason", "last_name": "Chan", "address": "P.O. Box 867, 9907 Pede. Rd.", "zipcode": "41353", "state": "Florida", "city": "Jacksonville", "cell_phone": "259-212-3691", "rate": "0.00", "instructor_picture": "default2.jpg"}}, {"model": "oneplace.instructor", "pk": 48, "fields": {"instructor_alt_id": "no instructor id", "first_name": "Jamal", "last_name": "Buchanan", "address": "P.O. Box 545, 366 Tellus Rd.", "zipcode": "59120", "state": "Wyoming", "city": "Gillette", "cell_phone": "270-839-6951", "rate": "0.00", "instructor_picture": "default2.jpg"}}, {"model": "oneplace.instructor", "pk": 49, "fields": {"instructor_alt_id": "no instructor id", "first_name": "Phillip", "last_name": "Boone", "address": "P.O. Box 755, 7443 Dui Road", "zipcode": "31156", "state": "Texas", "city": "San Antonio", "cell_phone": "917-448-0572", "rate": "0.00", "instructor_picture": "default2.jpg"}}, {"model": "oneplace.instructor", "pk": 50, "fields": {"instructor_alt_id": "no instructor id", "first_name": "Ima", "last_name": "Hartman", "address": "970-3173 Urna. St.", "zipcode": "78327", "state": "Minnesota", "city": "Saint Paul", "cell_phone": "755-619-6182", "rate": "0.00", "instructor_picture": "default2.jpg"}}, {"model": "oneplace.instructor", "pk": 51, "fields": {"instructor_alt_id": "no instructor id", "first_name": "Bevis", "last_name": "Hopper", "address": "Ap #260-1063 Rutrum. St.", "zipcode": "17960", "state": "Florida", "city": "Tampa", "cell_phone": "228-298-2567", "rate": "0.00", "instructor_picture": "default2.jpg"}}, {"model": "oneplace.instructor", "pk": 52, "fields": {"instructor_alt_id": "no instructor id", "first_name": "Wylie", "last_name": "Curtis", "address": "884 Vel Rd.", "zipcode": "90600", "state": "Oklahoma", "city": "Tulsa", "cell_phone": "393-176-3888", "rate": "0.00", "instructor_picture": "default2.jpg"}}, {"model": "oneplace.instructor", "pk": 53, "fields": {"instructor_alt_id": "no instructor id", "first_name": "Jennifer", "last_name": "Best", "address": "Ap #798-1802 Non St.", "zipcode": "56586", "state": "Oregon", "city": "Portland", "cell_phone": "343-882-8909", "rate": "0.00", "instructor_picture": "default2.jpg"}}, {"model": "oneplace.instructor", "pk": 54, "fields": {"instructor_alt_id": "no instructor id", "first_name": "Tatum", "last_name": "Wilcox", "address": "9422 Lorem St.", "zipcode": "25475", "state": "Maryland", "city": "Frederick", "cell_phone": "965-181-4681", "rate": "0.00", "instructor_picture": "default2.jpg"}}, {"model": "oneplace.instructor", "pk": 55, "fields": {"instructor_alt_id": "no instructor id", "first_name": "Hanae", "last_name": "Woodard", "address": "1413 Id, Rd.", "zipcode": "42426", "state": "Georgia", "city": "Columbus", "cell_phone": "430-900-3479", "rate": "0.00", "instructor_picture": "default2.jpg"}}, {"model": "oneplace.instructor", "pk": 56, "fields": {"instructor_alt_id": "no instructor id", "first_name": "Ruby", "last_name": "Hays", "address": "P.O. Box 742, 6651 Vitae Road", "zipcode": "75164", "state": "Texas", "city": "Dallas", "cell_phone": "677-976-0529", "rate": "0.00", "instructor_picture": "default2.jpg"}}, {"model": "oneplace.instructor", "pk": 57, "fields": {"instructor_alt_id": "no instructor id", "first_name": "Olga", "last_name": "Tran", "address": "Ap #924-4001 In St.", "zipcode": "43578", "state": "Massachusetts", "city": "Springfield", "cell_phone": "465-864-3004", "rate": "0.00", "instructor_picture": "default2.jpg"}}, {"model": "oneplace.instructor", "pk": 58, "fields": {"instructor_alt_id": "no instructor id", "first_name": "Clark", "last_name": "Hernandez", "address": "Ap #364-6966 Convallis Avenue", "zipcode": "65449", "state": "Kentucky", "city": "Bowling Green", "cell_phone": "725-539-3841", "rate": "0.00", "instructor_picture": "default2.jpg"}}, {"model": "oneplace.instructor", "pk": 59, "fields": {"instructor_alt_id": "no instructor id", "first_name": "Ingrid", "last_name": "Hodge", "address": "P.O. Box 174, 5928 Sed Rd.", "zipcode": "68571", "state": "Nevada", "city": "Carson City", "cell_phone": "475-829-1370", "rate": "0.00", "instructor_picture": "default2.jpg"}}, {"model": "oneplace.instructor", "pk": 60, "fields": {"instructor_alt_id": "no instructor id", "first_name": "Isaiah", "last_name": "Glover", "address": "P.O. Box 154, 1304 Ridiculus Street", "zipcode": "89572", "state": "Florida", "city": "Tallahassee", "cell_phone": "527-102-4690", "rate": "0.00", "instructor_picture": "default2.jpg"}}, {"model": "oneplace.instructor", "pk": 61, "fields": {"instructor_alt_id": "no instructor id", "first_name": "Felix", "last_name": "Hinton", "address": "367-2625 Lectus Rd.", "zipcode": "92887", "state": "Connecticut", "city": "Waterbury", "cell_phone": "840-641-3562", "rate": "0.00", "instructor_picture": "default2.jpg"}}, {"model": "oneplace.instructor", "pk": 62, "fields": {"instructor_alt_id": "no instructor id", "first_name": "Lunea", "last_name": "Norris", "address": "577-8481 Adipiscing Road", "zipcode": "72844", "state": "Arkansas", "city": "Fort Smith", "cell_phone": "932-688-0163", "rate": "0.00", "instructor_picture": "default2.jpg"}}, {"model": "oneplace.instructor", "pk": 63, "fields": {"instructor_alt_id": "no instructor id", "first_name": "Jonah", "last_name": "Guerrero", "address": "597-5558 Sit St.", "zipcode": "93372", "state": "California", "city": "Los Angeles", "cell_phone": "468-555-7423", "rate": "0.00", "instructor_picture": "default2.jpg"}}, {"model": "oneplace.instructor", "pk": 64, "fields": {"instructor_alt_id": "no instructor id", "first_name": "Piper", "last_name": "Long", "address": "P.O. Box 559, 9031 Ultricies Av.", "zipcode": "44394", "state": "Nevada", "city": "Carson City", "cell_phone": "382-145-0461", "rate": "0.00", "instructor_picture": "default2.jpg"}}, {"model": "oneplace.instructor", "pk": 65, "fields": {"instructor_alt_id": "no instructor id", "first_name": "Xerxes", "last_name": "Cannon", "address": "Ap #247-1353 Arcu St.", "zipcode": "72968", "state": "Arkansas", "city": "Fort Smith", "cell_phone": "283-403-5913", "rate": "0.00", "instructor_picture": "default2.jpg"}}, {"model": "oneplace.instructor", "pk": 66, "fields": {"instructor_alt_id": "no instructor id", "first_name": "Anne", "last_name": "Jefferson", "address": "Ap #839-5298 Ornare St.", "zipcode": "40113", "state": "Michigan", "city": "Flint", "cell_phone": "202-604-4438", "rate": "0.00", "instructor_picture": "default2.jpg"}}, {"model": "oneplace.instructor", "pk": 67, "fields": {"instructor_alt_id": "no instructor id", "first_name": "Quamar", "last_name": "Hammond", "address": "814-5625 Lacus St.", "zipcode": "54784", "state": "Mississippi", "city": "Southaven", "cell_phone": "519-685-9593", "rate": "0.00", "instructor_picture": "default2.jpg"}}, {"model": "oneplace.instructor", "pk": 68, "fields": {"instructor_alt_id": "no instructor id", "first_name": "Russell", "last_name": "Holloway", "address": "Ap #413-5197 Vitae St.", "zipcode": "30377", "state": "Tennessee", "city": "Clarksville", "cell_phone": "758-847-8862", "rate": "0.00", "instructor_picture": "default2.jpg"}}, {"model": "oneplace.instructor", "pk": 69, "fields": {"instructor_alt_id": "no instructor id", "first_name": "Lillian", "last_name": "Klein", "address": "Ap #402-4403 Elit, Ave", "zipcode": "17289", "state": "Kentucky", "city": "Covington", "cell_phone": "385-896-1744", "rate": "0.00", "instructor_picture": "default2.jpg"}}, {"model": "oneplace.instructor", "pk": 70, "fields": {"instructor_alt_id": "no instructor id", "first_name": "Hop", "last_name": "Rosales", "address": "3166 Felis St.", "zipcode": "92050", "state": "Delaware", "city": "Wilmington", "cell_phone": "605-623-0961", "rate": "0.00", "instructor_picture": "default2.jpg"}}, {"model": "oneplace.instructor", "pk": 71, "fields": {"instructor_alt_id": "no instructor id", "first_name": "Patricia", "last_name": "Byers", "address": "744-7705 Sem Rd.", "zipcode": "99567", "state": "Alaska", "city": "College", "cell_phone": "401-407-6761", "rate": "0.00", "instructor_picture": "default2.jpg"}}, {"model": "oneplace.instructor", "pk": 72, "fields": {"instructor_alt_id": "no instructor id", "first_name": "Amanda", "last_name": "Ortiz", "address": "P.O. Box 239, 2157 Eleifend. Road", "zipcode": "27518", "state": "Nevada", "city": "Henderson", "cell_phone": "838-976-1002", "rate": "0.00", "instructor_picture": "default2.jpg"}}, {"model": "oneplace.instructor", "pk": 73, "fields": {"instructor_alt_id": "no instructor id", "first_name": "Charde", "last_name": "Moody", "address": "Ap #968-4769 Ut Av.", "zipcode": "66612", "state": "Pennsylvania", "city": "Erie", "cell_phone": "257-417-8142", "rate": "0.00", "instructor_picture": "default2.jpg"}}, {"model": "oneplace.instructor", "pk": 74, "fields": {"instructor_alt_id": "no instructor id", "first_name": "Kevyn", "last_name": "Jennings", "address": "4954 Pellentesque Avenue", "zipcode": "84545", "state": "Georgia", "city": "Atlanta", "cell_phone": "625-616-0812", "rate": "0.00", "instructor_picture": "default2.jpg"}}, {"model": "oneplace.instructor", "pk": 75, "fields": {"instructor_alt_id": "no instructor id", "first_name": "Wesley", "last_name": "Coffey", "address": "216-1033 Ligula. Road", "zipcode": "57324", "state": "Maine", "city": "Lewiston", "cell_phone": "578-491-7495", "rate": "0.00", "instructor_picture": "default2.jpg"}}, {"model": "oneplace.instructor", "pk": 76, "fields": {"instructor_alt_id": "no instructor id", "first_name": "Craig", "last_name": "Castillo", "address": "P.O. Box 290, 5501 Ornare Avenue", "zipcode": "87171", "state": "Florida", "city": "Tampa", "cell_phone": "528-733-5190", "rate": "0.00", "instructor_picture": "default2.jpg"}}, {"model": "oneplace.instructor", "pk": 77, "fields": {"instructor_alt_id": "no instructor id", "first_name": "Rigel", "last_name": "Cortez", "address": "2055 Phasellus Street", "zipcode": "51023", "state": "Washington", "city": "Spokane", "cell_phone": "189-635-0689", "rate": "0.00", "instructor_picture": "default2.jpg"}}, {"model": "oneplace.instructor", "pk": 78, "fields": {"instructor_alt_id": "no instructor id", "first_name": "Stone", "last_name": "Randolph", "address": "P.O. Box 529, 2235 Tortor. Avenue", "zipcode": "92317", "state": "California", "city": "San Diego", "cell_phone": "522-337-5365", "rate": "0.00", "instructor_picture": "default2.jpg"}}, {"model": "oneplace.instructor", "pk": 79, "fields": {"instructor_alt_id": "no instructor id", "first_name": "Julian", "last_name": "Skinner", "address": "Ap #288-2683 Lectus, Avenue", "zipcode": "87065", "state": "Indiana", "city": "Evansville", "cell_phone": "341-465-4943", "rate": "0.00", "instructor_picture": "default2.jpg"}}, {"model": "oneplace.instructor", "pk": 80, "fields": {"instructor_alt_id": "no instructor id", "first_name": "Castor", "last_name": "Mendez", "address": "9131 Arcu Road", "zipcode": "58011", "state": "Connecticut", "city": "Stamford", "cell_phone": "634-929-0128", "rate": "0.00", "instructor_picture": "default2.jpg"}}, {"model": "oneplace.instructor", "pk": 81, "fields": {"instructor_alt_id": "no instructor id", "first_name": "Inga", "last_name": "Callahan", "address": "Ap #568-5550 Quisque Road", "zipcode": "88922", "state": "Idaho", "city": "Pocatello", "cell_phone": "927-737-3443", "rate": "0.00", "instructor_picture": "default2.jpg"}}, {"model": "oneplace.instructor", "pk": 82, "fields": {"instructor_alt_id": "no instructor id", "first_name": "Cyrus", "last_name": "Coleman", "address": "Ap #208-9009 Sollicitudin Street", "zipcode": "52596", "state": "Oregon", "city": "Gresham", "cell_phone": "980-912-2078", "rate": "0.00", "instructor_picture": "default2.jpg"}}, {"model": "oneplace.instructor", "pk": 83, "fields": {"instructor_alt_id": "no instructor id", "first_name": "Cameron", "last_name": "Valenzuela", "address": "131-9557 Elit. Street", "zipcode": "63886", "state": "Washington", "city": "Seattle", "cell_phone": "738-617-4162", "rate": "0.00", "instructor_picture": "default2.jpg"}}, {"model": "oneplace.instructor", "pk": 84, "fields": {"instructor_alt_id": "no instructor id", "first_name": "Dane", "last_name": "Abbott", "address": "913-4395 Iaculis Avenue", "zipcode": "52978", "state": "Wisconsin", "city": "Racine", "cell_phone": "192-996-3382", "rate": "0.00", "instructor_picture": "default2.jpg"}}, {"model": "oneplace.instructor", "pk": 85, "fields": {"instructor_alt_id": "no instructor id", "first_name": "Rigel", "last_name": "West", "address": "Ap #394-8402 Diam. Av.", "zipcode": "33285", "state": "Delaware", "city": "Newark", "cell_phone": "381-632-3353", "rate": "0.00", "instructor_picture": "default2.jpg"}}, {"model": "oneplace.instructor", "pk": 86, "fields": {"instructor_alt_id": "no instructor id", "first_name": "Penelope", "last_name": "Greene", "address": "P.O. Box 978, 3052 Proin Rd.", "zipcode": "67691", "state": "Colorado", "city": "Colorado Springs", "cell_phone": "952-153-5014", "rate": "0.00", "instructor_picture": "default2.jpg"}}, {"model": "oneplace.instructor", "pk": 87, "fields": {"instructor_alt_id": "no instructor id", "first_name": "Alisa", "last_name": "Bates", "address": "Ap #627-2590 Odio Rd.", "zipcode": "61589", "state": "Minnesota", "city": "Rochester", "cell_phone": "301-807-5426", "rate": "0.00", "instructor_picture": "default2.jpg"}}, {"model": "oneplace.instructor", "pk": 88, "fields": {"instructor_alt_id": "no instructor id", "first_name": "Jerome", "last_name": "Rowe", "address": "P.O. Box 388, 9695 Tempor Av.", "zipcode": "99607", "state": "Alaska", "city": "Fairbanks", "cell_phone": "628-483-2877", "rate": "0.00", "instructor_picture": "default2.jpg"}}, {"model": "oneplace.instructor", "pk": 89, "fields": {"instructor_alt_id": "no instructor id", "first_name": "Kaye", "last_name": "Hickman", "address": "P.O. Box 713, 6548 Magna. Rd.", "zipcode": "28888", "state": "Texas", "city": "San Antonio", "cell_phone": "829-348-8499", "rate": "0.00", "instructor_picture": "default2.jpg"}}, {"model": "oneplace.instructor", "pk": 90, "fields": {"instructor_alt_id": "no instructor id", "first_name": "Troy", "last_name": "Britt", "address": "174-4874 Tortor St.", "zipcode": "91611", "state": "California", "city": "Los Angeles", "cell_phone": "542-782-1373", "rate": "0.00", "instructor_picture": "default2.jpg"}}, {"model": "oneplace.instructor", "pk": 91, "fields": {"instructor_alt_id": "no instructor id", "first_name": "Chadwick", "last_name": "Newton", "address": "Ap #770-3678 Convallis Avenue", "zipcode": "83943", "state": "Missouri", "city": "Independence", "cell_phone": "270-975-2736", "rate": "0.00", "instructor_picture": "default2.jpg"}}, {"model": "oneplace.instructor", "pk": 92, "fields": {"instructor_alt_id": "no instructor id", "first_name": "Trevor", "last_name": "Grant", "address": "P.O. Box 596, 3245 Velit. Ave", "zipcode": "18511", "state": "Kentucky", "city": "Frankfort", "cell_phone": "937-272-6210", "rate": "0.00", "instructor_picture": "default2.jpg"}}, {"model": "oneplace.instructor", "pk": 93, "fields": {"instructor_alt_id": "no instructor id", "first_name": "Melanie", "last_name": "Mckay", "address": "442 Lectus Ave", "zipcode": "30080", "state": "Utah", "city": "Salt Lake City", "cell_phone": "208-289-7227", "rate": "0.00", "instructor_picture": "default2.jpg"}}, {"model": "oneplace.instructor", "pk": 94, "fields": {"instructor_alt_id": "no instructor id", "first_name": "Nichole", "last_name": "Moreno", "address": "Ap #835-7744 Arcu. Avenue", "zipcode": "59505", "state": "Nebraska", "city": "Omaha", "cell_phone": "738-175-5299", "rate": "0.00", "instructor_picture": "default2.jpg"}}, {"model": "oneplace.instructor", "pk": 95, "fields": {"instructor_alt_id": "no instructor id", "first_name": "Erich", "last_name": "Perez", "address": "P.O. Box 474, 7358 Nisi. Street", "zipcode": "95822", "state": "Missouri", "city": "Springfield", "cell_phone": "474-546-7207", "rate": "0.00", "instructor_picture": "default2.jpg"}}, {"model": "oneplace.instructor", "pk": 96, "fields": {"instructor_alt_id": "no instructor id", "first_name": "Frances", "last_name": "Dale", "address": "545 Blandit Rd.", "zipcode": "29776", "state": "Kentucky", "city": "Frankfort", "cell_phone": "271-961-0644", "rate": "0.00", "instructor_picture": "default2.jpg"}}, {"model": "oneplace.instructor", "pk": 97, "fields": {"instructor_alt_id": "no instructor id", "first_name": "Noelle", "last_name": "Rivera", "address": "P.O. Box 464, 8978 Nec Rd.", "zipcode": "73378", "state": "Missouri", "city": "Springfield", "cell_phone": "578-232-7398", "rate": "0.00", "instructor_picture": "default2.jpg"}}, {"model": "oneplace.instructor", "pk": 98, "fields": {"instructor_alt_id": "no instructor id", "first_name": "Christine", "last_name": "Reid", "address": "1023 Lectus Ave", "zipcode": "99537", "state": "Alaska", "city": "Anchorage", "cell_phone": "656-689-0480", "rate": "0.00", "instructor_picture": "default2.jpg"}}, {"model": "oneplace.instructor", "pk": 99, "fields": {"instructor_alt_id": "no instructor id", "first_name": "Chaim", "last_name": "Cortez", "address": "P.O. Box 613, 743 Semper Ave", "zipcode": "40504", "state": "Maine", "city": "Augusta", "cell_phone": "307-720-3188", "rate": "0.00", "instructor_picture": "default2.jpg"}}, {"model": "oneplace.instructor", "pk": 100, "fields": {"instructor_alt_id": "no instructor id", "first_name": "Alfreda", "last_name": "Witt", "address": "P.O. Box 850, 1809 Et, St.", "zipcode": "10961", "state": "Maine", "city": "South Portland", "cell_phone": "942-722-4898", "rate": "0.00", "instructor_picture": "default2.jpg"}}, {"model": "oneplace.instructor", "pk": 101, "fields": {"instructor_alt_id": "no instructor id", "first_name": "Shea", "last_name": "Schroeder", "address": "5499 Mi, Road", "zipcode": "72452", "state": "Nevada", "city": "North Las Vegas", "cell_phone": "136-867-5337", "rate": "0.00", "instructor_picture": "default2.jpg"}}, {"model": "oneplace.instructor", "pk": 102, "fields": {"instructor_alt_id": "no instructor id", "first_name": "Dean", "last_name": "Pace", "address": "P.O. Box 560, 7425 Phasellus Avenue", "zipcode": "99836", "state": "Alaska", "city": "Anchorage", "cell_phone": "644-853-4805", "rate": "0.00", "instructor_picture": "default2.jpg"}}, {"model": "oneplace.instructor", "pk": 103, "fields": {"instructor_alt_id": "no instructor id", "first_name": "Jayme", "last_name": "Kemp", "address": "P.O. Box 581, 8003 Amet, Avenue", "zipcode": "67943", "state": "Oregon", "city": "Eugene", "cell_phone": "700-647-2553", "rate": "0.00", "instructor_picture": "default2.jpg"}}, {"model": "oneplace.instructor", "pk": 104, "fields": {"instructor_alt_id": "no instructor id", "first_name": "Noble", "last_name": "Ray", "address": "Ap #877-7224 Scelerisque Avenue", "zipcode": "93322", "state": "Connecticut", "city": "New Haven", "cell_phone": "457-233-1210", "rate": "0.00", "instructor_picture": "default2.jpg"}}, {"model": "oneplace.instructor", "pk": 105, "fields": {"instructor_alt_id": "no instructor id", "first_name": "Courtney", "last_name": "Donovan", "address": "P.O. Box 300, 3130 Nec Road", "zipcode": "36482", "state": "Alabama", "city": "Birmingham", "cell_phone": "604-533-9953", "rate": "0.00", "instructor_picture": "default2.jpg"}}, {"model": "oneplace.instructor", "pk": 106, "fields": {"instructor_alt_id": "no instructor id", "first_name": "Eric", "last_name": "Frederick", "address": "752 At, St.", "zipcode": "48061", "state": "Texas", "city": "San Antonio", "cell_phone": "915-571-6693", "rate": "0.00", "instructor_picture": "default2.jpg"}}, {"model": "oneplace.instructor", "pk": 107, "fields": {"instructor_alt_id": "no instructor id", "first_name": "Buckminster", "last_name": "Higgins", "address": "P.O. Box 881, 9660 Morbi Road", "zipcode": "51042", "state": "Oregon", "city": "Salem", "cell_phone": "414-397-3484", "rate": "0.00", "instructor_picture": "default2.jpg"}}, {"model": "oneplace.student", "pk": 15, "fields": {"student_alt_id": "no student id", "first_name": "Joe", "last_name": "Smith", "address": "", "zipcode": "", "state": "", "city": "", "cell_phone": "###-###-####", "student_picture": "head_shot3.jpg"}}, {"model": "oneplace.student", "pk": 17, "fields": {"student_alt_id": "no student id", "first_name": "Ali", "last_name": "Thomas", "address": "23 jack st", "zipcode": "12083", "state": "GA", "city": "Atlanta", "cell_phone": "###-###-####", "student_picture": "head_shot2_ZUPHT8N.jpg"}}, {"model": "oneplace.student", "pk": 19, "fields": {"student_alt_id": "no student id", "first_name": "Prim", "last_name": "Siripipat", "address": "44 ESPN ave", "zipcode": "22938", "state": "NY", "city": "NYC", "cell_phone": "###-###-####", "student_picture": "head_shot7.jpg"}}, {"model": "oneplace.student", "pk": 20, "fields": {"student_alt_id": "no student id", "first_name": "Alexia", "last_name": "Washington", "address": "", "zipcode": "", "state": "", "city": "", "cell_phone": "###-###-####", "student_picture": "head_shot1_LMBiMy6.jpg"}}, {"model": "oneplace.student", "pk": 22, "fields": {"student_alt_id": "no student id", "first_name": "Jerry", "last_name": "Jones", "address": "45 Cowboy ave", "zipcode": "12212", "state": "TX", "city": "Dallass", "cell_phone": "###-###-####", "student_picture": "default2.jpg"}}, {"model": "oneplace.student", "pk": 24, "fields": {"student_alt_id": "no student id", "first_name": "Michael", "last_name": "Jordan", "address": null, "zipcode": null, "state": null, "city": null, "cell_phone": null, "student_picture": "default2.jpg"}}, {"model": "oneplace.student", "pk": 26, "fields": {"student_alt_id": "no student id", "first_name": "Yasir", "last_name": "Chapman", "address": "Ap #866-4567 A, Ave", "zipcode": "72551", "state": "Wisconsin", "city": "Milwaukee", "cell_phone": "587-904-4948", "student_picture": "default2.jpg"}}, {"model": "oneplace.student", "pk": 27, "fields": {"student_alt_id": "no student id", "first_name": "Sacha", "last_name": "Hart", "address": "P.O. Box 791, 3985 Semper, Av.", "zipcode": "38615", "state": "Maryland", "city": "Columbia", "cell_phone": "761-344-2543", "student_picture": "default2.jpg"}}, {"model": "oneplace.student", "pk": 28, "fields": {"student_alt_id": "no student id", "first_name": "Bo", "last_name": "Walter", "address": "P.O. Box 748, 8346 Cras Av.", "zipcode": "85623", "state": "Arizona", "city": "Phoenix", "cell_phone": "503-539-6310", "student_picture": "default2.jpg"}}, {"model": "oneplace.student", "pk": 29, "fields": {"student_alt_id": "no student id", "first_name": "Inez", "last_name": "Duke", "address": "P.O. Box 331, 9537 Donec Ave", "zipcode": "85075", "state": "Nebraska", "city": "Grand Island", "cell_phone": "586-671-9457", "student_picture": "default2.jpg"}}, {"model": "oneplace.student", "pk": 30, "fields": {"student_alt_id": "no student id", "first_name": "Sacha", "last_name": "Deleon", "address": "6349 Nibh. Rd.", "zipcode": "99559", "state": "Alaska", "city": "Anchorage", "cell_phone": "853-972-7169", "student_picture": "default2.jpg"}}, {"model": "oneplace.student", "pk": 32, "fields": {"student_alt_id": "no student id", "first_name": "Xyla", "last_name": "Daniel", "address": "155 Ornare. Road", "zipcode": "55204", "state": "Oregon", "city": "Eugene", "cell_phone": "404-138-9332", "student_picture": "default2.jpg"}}, {"model": "oneplace.student", "pk": 33, "fields": {"student_alt_id": "no student id", "first_name": "Haviva", "last_name": "Bentley", "address": "660-9732 Erat Street", "zipcode": "95474", "state": "Kansas", "city": "Olathe", "cell_phone": "853-676-1779", "student_picture": "default2.jpg"}}, {"model": "oneplace.student", "pk": 34, "fields": {"student_alt_id": "no student id", "first_name": "Inez", "last_name": "Mcfarland", "address": "Ap #886-9561 Donec St.", "zipcode": "99080", "state": "Virginia", "city": "Virginia Beach", "cell_phone": "828-117-9519", "student_picture": "default2.jpg"}}, {"model": "oneplace.student", "pk": 35, "fields": {"student_alt_id": "no student id", "first_name": "India", "last_name": "Baxter", "address": "Ap #477-6030 Ut St.", "zipcode": "82677", "state": "Virginia", "city": "Virginia Beach", "cell_phone": "974-252-0746", "student_picture": "default2.jpg"}}, {"model": "oneplace.student", "pk": 36, "fields": {"student_alt_id": "no student id", "first_name": "Wallace", "last_name": "Glenn", "address": "P.O. Box 406, 9905 Nullam Rd.", "zipcode": "99559", "state": "Alaska", "city": "Juneau", "cell_phone": "539-699-8674", "student_picture": "default2.jpg"}}, {"model": "oneplace.student", "pk": 37, "fields": {"student_alt_id": "no student id", "first_name": "Ryder", "last_name": "Snow", "address": "Ap #308-6311 Tempor Avenue", "zipcode": "23318", "state": "Ohio", "city": "Columbus", "cell_phone": "118-863-1318", "student_picture": "default2.jpg"}}, {"model": "oneplace.student", "pk": 38, "fields": {"student_alt_id": "no student id", "first_name": "Chancellor", "last_name": "Ford", "address": "Ap #370-431 Nisi Street", "zipcode": "99799", "state": "Alaska", "city": "Ketchikan", "cell_phone": "240-810-8750", "student_picture": "default2.jpg"}}, {"model": "oneplace.student", "pk": 39, "fields": {"student_alt_id": "no student id", "first_name": "Hall", "last_name": "Parker", "address": "405-3751 Etiam St.", "zipcode": "30385", "state": "Tennessee", "city": "Clarksville", "cell_phone": "932-339-6375", "student_picture": "default2.jpg"}}, {"model": "oneplace.student", "pk": 40, "fields": {"student_alt_id": "no student id", "first_name": "Aladdin", "last_name": "Bishop", "address": "594-161 Amet Street", "zipcode": "61361", "state": "Washington", "city": "Spokane", "cell_phone": "402-751-8273", "student_picture": "default2.jpg"}}, {"model": "oneplace.student", "pk": 41, "fields": {"student_alt_id": "no student id", "first_name": "Ryan", "last_name": "Ashley", "address": "P.O. Box 722, 7009 Commodo St.", "zipcode": "71197", "state": "Iowa", "city": "Des Moines", "cell_phone": "554-135-1863", "student_picture": "default2.jpg"}}, {"model": "oneplace.student", "pk": 42, "fields": {"student_alt_id": "no student id", "first_name": "Rashad", "last_name": "Bryan", "address": "789-4303 Magna Rd.", "zipcode": "67850", "state": "Florida", "city": "Orlando", "cell_phone": "783-376-6911", "student_picture": "default2.jpg"}}, {"model": "oneplace.student", "pk": 43, "fields": {"student_alt_id": "no student id", "first_name": "Stacey", "last_name": "Sparks", "address": "Ap #359-2040 Felis, Rd.", "zipcode": "38432", "state": "Louisiana", "city": "Baton Rouge", "cell_phone": "264-956-1161", "student_picture": "default2.jpg"}}, {"model": "oneplace.student", "pk": 44, "fields": {"student_alt_id": "no student id", "first_name": "Noble", "last_name": "Marquez", "address": "8886 Tempus Road", "zipcode": "57362", "state": "Mississippi", "city": "Southaven", "cell_phone": "244-927-3591", "student_picture": "default2.jpg"}}, {"model": "oneplace.student", "pk": 45, "fields": {"student_alt_id": "no student id", "first_name": "Holly", "last_name": "Wiggins", "address": "560-4882 Non St.", "zipcode": "21544", "state": "Idaho", "city": "Idaho Falls", "cell_phone": "469-764-4910", "student_picture": "default2.jpg"}}, {"model": "oneplace.student", "pk": 46, "fields": {"student_alt_id": "no student id", "first_name": "Felix", "last_name": "Abbott", "address": "Ap #293-8799 Felis Rd.", "zipcode": "92839", "state": "California", "city": "San Francisco", "cell_phone": "875-587-5599", "student_picture": "default2.jpg"}}, {"model": "oneplace.student", "pk": 47, "fields": {"student_alt_id": "no student id", "first_name": "Tallulah", "last_name": "Harrington", "address": "9207 Sapien, St.", "zipcode": "85033", "state": "Tennessee", "city": "Clarksville", "cell_phone": "361-123-8005", "student_picture": "default2.jpg"}}, {"model": "oneplace.student", "pk": 48, "fields": {"student_alt_id": "no student id", "first_name": "Amethyst", "last_name": "Bell", "address": "241-3243 Feugiat Rd.", "zipcode": "42208", "state": "Tennessee", "city": "Clarksville", "cell_phone": "813-183-8336", "student_picture": "default2.jpg"}}, {"model": "oneplace.student", "pk": 49, "fields": {"student_alt_id": "no student id", "first_name": "Camille", "last_name": "Cleveland", "address": "Ap #699-7088 Elit, Rd.", "zipcode": "50363", "state": "Illinois", "city": "Chicago", "cell_phone": "551-381-8653", "student_picture": "default2.jpg"}}, {"model": "oneplace.student", "pk": 50, "fields": {"student_alt_id": "no student id", "first_name": "Igor", "last_name": "Cox", "address": "679-9876 Vel Road", "zipcode": "16620", "state": "Massachusetts", "city": "Cambridge", "cell_phone": "367-266-4878", "student_picture": "default2.jpg"}}, {"model": "oneplace.student", "pk": 51, "fields": {"student_alt_id": "no student id", "first_name": "Shana", "last_name": "Odonnell", "address": "737-695 Odio Street", "zipcode": "16041", "state": "Missouri", "city": "Jefferson City", "cell_phone": "199-167-9815", "student_picture": "default2.jpg"}}, {"model": "oneplace.student", "pk": 52, "fields": {"student_alt_id": "no student id", "first_name": "Dennis", "last_name": "Wall", "address": "Ap #772-3538 Tristique Av.", "zipcode": "85129", "state": "Utah", "city": "West Valley City", "cell_phone": "537-923-9927", "student_picture": "default2.jpg"}}, {"model": "oneplace.student", "pk": 53, "fields": {"student_alt_id": "no student id", "first_name": "Shoshana", "last_name": "Brock", "address": "7651 Donec Road", "zipcode": "59212", "state": "Nebraska", "city": "Lincoln", "cell_phone": "729-280-1841", "student_picture": "default2.jpg"}}, {"model": "oneplace.student", "pk": 54, "fields": {"student_alt_id": "no student id", "first_name": "Keegan", "last_name": "Townsend", "address": "P.O. Box 453, 9100 Aliquet Ave", "zipcode": "52560", "state": "Idaho", "city": "Pocatello", "cell_phone": "282-170-9329", "student_picture": "default2.jpg"}}, {"model": "oneplace.student", "pk": 55, "fields": {"student_alt_id": "no student id", "first_name": "Karleigh", "last_name": "Hobbs", "address": "9297 Duis Street", "zipcode": "93510", "state": "Oregon", "city": "Salem", "cell_phone": "612-166-7367", "student_picture": "default2.jpg"}}, {"model": "oneplace.student", "pk": 56, "fields": {"student_alt_id": "no student id", "first_name": "Benedict", "last_name": "Finley", "address": "9990 Sed Road", "zipcode": "86030", "state": "Arizona", "city": "Mesa", "cell_phone": "520-724-1550", "student_picture": "default2.jpg"}}, {"model": "oneplace.student", "pk": 57, "fields": {"student_alt_id": "no student id", "first_name": "James", "last_name": "Henry", "address": "Ap #277-3500 Velit Rd.", "zipcode": "15039", "state": "Oklahoma", "city": "Oklahoma City", "cell_phone": "161-157-3467", "student_picture": "default2.jpg"}}, {"model": "oneplace.student", "pk": 58, "fields": {"student_alt_id": "no student id", "first_name": "Aubrey", "last_name": "Madden", "address": "701-8423 Etiam Rd.", "zipcode": "39986", "state": "Mississippi", "city": "Jackson", "cell_phone": "112-355-2578", "student_picture": "default2.jpg"}}, {"model": "oneplace.student", "pk": 59, "fields": {"student_alt_id": "no student id", "first_name": "Jacqueline", "last_name": "Holden", "address": "P.O. Box 660, 9933 Orci. Street", "zipcode": "31716", "state": "Utah", "city": "Salt Lake City", "cell_phone": "833-940-2751", "student_picture": "headshot14.jpeg"}}, {"model": "oneplace.student", "pk": 60, "fields": {"student_alt_id": "no student id", "first_name": "Yvette", "last_name": "Patel", "address": "4106 Amet Road", "zipcode": "99687", "state": "Alaska", "city": "Anchorage", "cell_phone": "304-880-9205", "student_picture": "default2.jpg"}}, {"model": "oneplace.student", "pk": 61, "fields": {"student_alt_id": "no student id", "first_name": "Scott", "last_name": "Lopez", "address": "3083 Vitae Road", "zipcode": "35450", "state": "Colorado", "city": "Denver", "cell_phone": "962-863-5786", "student_picture": "default2.jpg"}}, {"model": "oneplace.student", "pk": 62, "fields": {"student_alt_id": "no student id", "first_name": "Odysseus", "last_name": "Fitzgerald", "address": "6946 Nisl Av.", "zipcode": "95453", "state": "Minnesota", "city": "Saint Paul", "cell_phone": "253-803-7973", "student_picture": "default2.jpg"}}, {"model": "oneplace.student", "pk": 63, "fields": {"student_alt_id": "no student id", "first_name": "Dexter", "last_name": "Baxter", "address": "468-1548 Nunc Ave", "zipcode": "95854", "state": "California", "city": "San Francisco", "cell_phone": "325-251-3699", "student_picture": "default2.jpg"}}, {"model": "oneplace.student", "pk": 64, "fields": {"student_alt_id": "no student id", "first_name": "Giselle", "last_name": "Gardner", "address": "P.O. Box 212, 1759 Fringilla Av.", "zipcode": "17340", "state": "Florida", "city": "Miami", "cell_phone": "700-387-0836", "student_picture": "default2.jpg"}}, {"model": "oneplace.student", "pk": 65, "fields": {"student_alt_id": "no student id", "first_name": "Oprah", "last_name": "Gill", "address": "Ap #596-5154 Eu Road", "zipcode": "67697", "state": "Michigan", "city": "Flint", "cell_phone": "278-570-7246", "student_picture": "default2.jpg"}}, {"model": "oneplace.student", "pk": 66, "fields": {"student_alt_id": "no student id", "first_name": "Quamar", "last_name": "Gross", "address": "611-2288 Natoque Rd.", "zipcode": "73030", "state": "Tennessee", "city": "Memphis", "cell_phone": "953-696-3105", "student_picture": "default2.jpg"}}, {"model": "oneplace.student", "pk": 67, "fields": {"student_alt_id": "no student id", "first_name": "Eleanor", "last_name": "Combs", "address": "P.O. Box 381, 7544 Vehicula St.", "zipcode": "12717", "state": "Minnesota", "city": "Saint Paul", "cell_phone": "255-244-9882", "student_picture": "default2.jpg"}}, {"model": "oneplace.student", "pk": 68, "fields": {"student_alt_id": "no student id", "first_name": "Dolan", "last_name": "Cain", "address": "8889 Vitae, Rd.", "zipcode": "95685", "state": "Texas", "city": "Houston", "cell_phone": "311-458-7440", "student_picture": "default2.jpg"}}, {"model": "oneplace.student", "pk": 69, "fields": {"student_alt_id": "no student id", "first_name": "Gloria", "last_name": "Perez", "address": "P.O. Box 164, 7882 Fringilla St.", "zipcode": "35086", "state": "Alabama", "city": "Huntsville", "cell_phone": "402-780-0151", "student_picture": "headshot13.jpg"}}, {"model": "oneplace.student", "pk": 70, "fields": {"student_alt_id": "no student id", "first_name": "Asher", "last_name": "Roach", "address": "188-289 Donec Rd.", "zipcode": "93699", "state": "California", "city": "San Jose", "cell_phone": "639-537-2976", "student_picture": "default2.jpg"}}, {"model": "oneplace.student", "pk": 71, "fields": {"student_alt_id": "no student id", "first_name": "Nicholas", "last_name": "Bentley", "address": "P.O. Box 233, 9708 Vivamus Road", "zipcode": "71160", "state": "Arkansas", "city": "Fayetteville", "cell_phone": "664-309-4619", "student_picture": "default2.jpg"}}, {"model": "oneplace.student", "pk": 72, "fields": {"student_alt_id": "no student id", "first_name": "Driscoll", "last_name": "Meyers", "address": "Ap #872-6845 Augue Street", "zipcode": "79081", "state": "Nevada", "city": "Las Vegas", "cell_phone": "152-296-8494", "student_picture": "default2.jpg"}}, {"model": "oneplace.student", "pk": 73, "fields": {"student_alt_id": "no student id", "first_name": "Hedda", "last_name": "Petty", "address": "1604 Cursus St.", "zipcode": "85844", "state": "Florida", "city": "Orlando", "cell_phone": "830-502-1233", "student_picture": "default2.jpg"}}, {"model": "oneplace.student", "pk": 74, "fields": {"student_alt_id": "no student id", "first_name": "Arden", "last_name": "Ramsey", "address": "926-7890 Phasellus Avenue", "zipcode": "35743", "state": "Alabama", "city": "Mobile", "cell_phone": "131-141-5841", "student_picture": "default2.jpg"}}, {"model": "oneplace.student", "pk": 75, "fields": {"student_alt_id": "no student id", "first_name": "Walter", "last_name": "Walton", "address": "Ap #227-6607 A, Avenue", "zipcode": "71336", "state": "Connecticut", "city": "Stamford", "cell_phone": "648-418-5476", "student_picture": "default2.jpg"}}, {"model": "oneplace.student", "pk": 76, "fields": {"student_alt_id": "no student id", "first_name": "Juliet", "last_name": "Rush", "address": "179-241 Aliquet Rd.", "zipcode": "36413", "state": "Virginia", "city": "Richmond", "cell_phone": "682-917-4797", "student_picture": "default2.jpg"}}, {"model": "oneplace.student", "pk": 77, "fields": {"student_alt_id": "no student id", "first_name": "Imogene", "last_name": "Blankenship", "address": "8239 Sed Road", "zipcode": "79862", "state": "Maine", "city": "Lewiston", "cell_phone": "982-180-4453", "student_picture": "default2.jpg"}}, {"model": "oneplace.student", "pk": 78, "fields": {"student_alt_id": "no student id", "first_name": "Halla", "last_name": "Cote", "address": "6745 Molestie Ave", "zipcode": "71846", "state": "Texas", "city": "Austin", "cell_phone": "206-435-0296", "student_picture": "default2.jpg"}}, {"model": "oneplace.student", "pk": 79, "fields": {"student_alt_id": "no student id", "first_name": "Wyoming", "last_name": "Golden", "address": "9212 Feugiat St.", "zipcode": "45826", "state": "Missouri", "city": "Saint Louis", "cell_phone": "997-548-3087", "student_picture": "default2.jpg"}}, {"model": "oneplace.student", "pk": 80, "fields": {"student_alt_id": "no student id", "first_name": "Keith", "last_name": "Morin", "address": "486-1662 Dolor. Street", "zipcode": "96492", "state": "Kansas", "city": "Overland Park", "cell_phone": "471-706-7771", "student_picture": "default2.jpg"}}, {"model": "oneplace.student", "pk": 81, "fields": {"student_alt_id": "no student id", "first_name": "Phyllis", "last_name": "Hoover", "address": "Ap #106-7575 Aliquam Rd.", "zipcode": "43717", "state": "Florida", "city": "Jacksonville", "cell_phone": "511-909-1850", "student_picture": "default2.jpg"}}, {"model": "oneplace.student", "pk": 82, "fields": {"student_alt_id": "no student id", "first_name": "Castor", "last_name": "Kane", "address": "Ap #485-4518 Pede Ave", "zipcode": "26935", "state": "Utah", "city": "Provo", "cell_phone": "189-860-8149", "student_picture": "default2.jpg"}}, {"model": "oneplace.student", "pk": 83, "fields": {"student_alt_id": "no student id", "first_name": "Marvin", "last_name": "Parrish", "address": "6997 Ante Road", "zipcode": "40887", "state": "Maryland", "city": "Rockville", "cell_phone": "927-173-2521", "student_picture": "default2.jpg"}}, {"model": "oneplace.student", "pk": 84, "fields": {"student_alt_id": "no student id", "first_name": "Thaddeus", "last_name": "Summers", "address": "Ap #424-583 Erat Av.", "zipcode": "64859", "state": "Tennessee", "city": "Clarksville", "cell_phone": "449-531-5461", "student_picture": "default2.jpg"}}, {"model": "oneplace.student", "pk": 85, "fields": {"student_alt_id": "no student id", "first_name": "Hope", "last_name": "Parsons", "address": "7225 Curae; Ave", "zipcode": "24203", "state": "Montana", "city": "Billings", "cell_phone": "930-484-9138", "student_picture": "default2.jpg"}}, {"model": "oneplace.student", "pk": 86, "fields": {"student_alt_id": "no student id", "first_name": "Driscoll", "last_name": "Merritt", "address": "Ap #734-4626 Dictum Av.", "zipcode": "80266", "state": "Kentucky", "city": "Bowling Green", "cell_phone": "561-231-2043", "student_picture": "default2.jpg"}}, {"model": "oneplace.student", "pk": 87, "fields": {"student_alt_id": "no student id", "first_name": "Otto", "last_name": "Grimes", "address": "7857 Tincidunt St.", "zipcode": "96205", "state": "Ohio", "city": "Cincinnati", "cell_phone": "706-762-7366", "student_picture": "default2.jpg"}}, {"model": "oneplace.student", "pk": 88, "fields": {"student_alt_id": "no student id", "first_name": "Rosalyn", "last_name": "Ewing", "address": "P.O. Box 697, 2672 Eu Street", "zipcode": "29368", "state": "Utah", "city": "West Valley City", "cell_phone": "439-938-7228", "student_picture": "default2.jpg"}}, {"model": "oneplace.student", "pk": 89, "fields": {"student_alt_id": "no student id", "first_name": "Sarah", "last_name": "Britt", "address": "Ap #612-7771 Morbi St.", "zipcode": "66267", "state": "Georgia", "city": "Savannah", "cell_phone": "856-970-3028", "student_picture": "default2.jpg"}}, {"model": "oneplace.student", "pk": 90, "fields": {"student_alt_id": "no student id", "first_name": "Paki", "last_name": "Salas", "address": "P.O. Box 803, 6125 Fames St.", "zipcode": "72267", "state": "Arkansas", "city": "Little Rock", "cell_phone": "414-123-3884", "student_picture": "default2.jpg"}}, {"model": "oneplace.student", "pk": 91, "fields": {"student_alt_id": "no student id", "first_name": "Justina", "last_name": "Vincent", "address": "556-5074 Dolor St.", "zipcode": "26187", "state": "Oklahoma", "city": "Lawton", "cell_phone": "701-199-5636", "student_picture": "default2.jpg"}}, {"model": "oneplace.student", "pk": 92, "fields": {"student_alt_id": "no student id", "first_name": "Dominic", "last_name": "Scott", "address": "605-5554 Ridiculus St.", "zipcode": "85839", "state": "Arizona", "city": "Mesa", "cell_phone": "964-187-5176", "student_picture": "default2.jpg"}}, {"model": "oneplace.student", "pk": 93, "fields": {"student_alt_id": "no student id", "first_name": "Byron", "last_name": "Mercer", "address": "P.O. Box 422, 638 Sit St.", "zipcode": "72794", "state": "Nevada", "city": "North Las Vegas", "cell_phone": "786-668-3964", "student_picture": "default2.jpg"}}, {"model": "oneplace.student", "pk": 94, "fields": {"student_alt_id": "no student id", "first_name": "Emi", "last_name": "Finley", "address": "Ap #290-7795 Nec, Rd.", "zipcode": "64462", "state": "Maine", "city": "Bangor", "cell_phone": "673-521-9377", "student_picture": "default2.jpg"}}, {"model": "oneplace.student", "pk": 95, "fields": {"student_alt_id": "no student id", "first_name": "Amal", "last_name": "Stark", "address": "Ap #101-5764 Fusce Rd.", "zipcode": "81597", "state": "Hawaii", "city": "Kapolei", "cell_phone": "530-156-4121", "student_picture": "default2.jpg"}}, {"model": "oneplace.student", "pk": 96, "fields": {"student_alt_id": "no student id", "first_name": "Hiroko", "last_name": "Church", "address": "2950 Turpis. Rd.", "zipcode": "34729", "state": "Georgia", "city": "Georgia", "cell_phone": "877-702-3999", "student_picture": "default2.jpg"}}, {"model": "oneplace.student", "pk": 97, "fields": {"student_alt_id": "no student id", "first_name": "Marcia", "last_name": "Greene", "address": "8974 In Road", "zipcode": "67722", "state": "Ohio", "city": "Toledo", "cell_phone": "767-978-0635", "student_picture": "default2.jpg"}}, {"model": "oneplace.student", "pk": 98, "fields": {"student_alt_id": "no student id", "first_name": "Dillon", "last_name": "England", "address": "157-6060 Neque St.", "zipcode": "62071", "state": "Wisconsin", "city": "Milwaukee", "cell_phone": "916-470-7711", "student_picture": "default2.jpg"}}, {"model": "oneplace.student", "pk": 99, "fields": {"student_alt_id": "no student id", "first_name": "Isaiah", "last_name": "Davis", "address": "7182 Placerat St.", "zipcode": "59554", "state": "Kentucky", "city": "Bowling Green", "cell_phone": "587-329-9589", "student_picture": "default2.jpg"}}, {"model": "oneplace.student", "pk": 100, "fields": {"student_alt_id": "no student id", "first_name": "Tashya", "last_name": "Cain", "address": "156 Est St.", "zipcode": "38761", "state": "Nevada", "city": "Carson City", "cell_phone": "873-426-9482", "student_picture": "default2.jpg"}}, {"model": "oneplace.student", "pk": 101, "fields": {"student_alt_id": "no student id", "first_name": "Maya", "last_name": "Vinson", "address": "P.O. Box 321, 9744 Non Avenue", "zipcode": "52719", "state": "Missouri", "city": "Kansas City", "cell_phone": "142-974-2208", "student_picture": "default2.jpg"}}, {"model": "oneplace.student", "pk": 102, "fields": {"student_alt_id": "no student id", "first_name": "Gray", "last_name": "Norris", "address": "4430 Felis, Road", "zipcode": "31934", "state": "Utah", "city": "West Valley City", "cell_phone": "681-337-9426", "student_picture": "default2.jpg"}}, {"model": "oneplace.student", "pk": 103, "fields": {"student_alt_id": "no student id", "first_name": "Hasad", "last_name": "Bruce", "address": "Ap #703-9920 Integer Ave", "zipcode": "72568", "state": "Ohio", "city": "Toledo", "cell_phone": "169-154-8243", "student_picture": "default2.jpg"}}, {"model": "oneplace.student", "pk": 104, "fields": {"student_alt_id": "no student id", "first_name": "Susan", "last_name": "Vargas", "address": "P.O. Box 184, 9351 Eget Ave", "zipcode": "84121", "state": "Louisiana", "city": "Lafayette", "cell_phone": "910-781-7469", "student_picture": "default2.jpg"}}, {"model": "oneplace.student", "pk": 105, "fields": {"student_alt_id": "no student id", "first_name": "Lana", "last_name": "Hamilton", "address": "Ap #502-436 Varius. Rd.", "zipcode": "16773", "state": "Connecticut", "city": "Bridgeport", "cell_phone": "664-457-9928", "student_picture": "default2.jpg"}}, {"model": "oneplace.student", "pk": 106, "fields": {"student_alt_id": "no student id", "first_name": "Bethany", "last_name": "Langley", "address": "Ap #876-9559 Pellentesque Street", "zipcode": "71615", "state": "Arkansas", "city": "Springdale", "cell_phone": "317-665-6809", "student_picture": "default2.jpg"}}, {"model": "oneplace.student", "pk": 107, "fields": {"student_alt_id": "no student id", "first_name": "Dalton", "last_name": "Adkins", "address": "6512 Quisque Av.", "zipcode": "95698", "state": "Louisiana", "city": "New Orleans", "cell_phone": "234-136-2714", "student_picture": "default2.jpg"}}, {"model": "oneplace.student", "pk": 108, "fields": {"student_alt_id": "no student id", "first_name": "Tanya", "last_name": "Holden", "address": "Ap #251-4366 Nulla Rd.", "zipcode": "38860", "state": "Wyoming", "city": "Rock Springs", "cell_phone": "141-289-5713", "student_picture": "default2.jpg"}}, {"model": "oneplace.student", "pk": 109, "fields": {"student_alt_id": "no student id", "first_name": "Hyacinth", "last_name": "Dennis", "address": "246-3096 Dui, Road", "zipcode": "75705", "state": "Louisiana", "city": "Shreveport", "cell_phone": "864-452-1975", "student_picture": "default2.jpg"}}, {"model": "oneplace.student", "pk": 110, "fields": {"student_alt_id": "no student id", "first_name": "Cole", "last_name": "Salinas", "address": "742-7832 Elit, Av.", "zipcode": "10941", "state": "Louisiana", "city": "Baton Rouge", "cell_phone": "966-298-8521", "student_picture": "default2.jpg"}}, {"model": "oneplace.student", "pk": 111, "fields": {"student_alt_id": "no student id", "first_name": "Orlando", "last_name": "Guerrero", "address": "355-7074 A, St.", "zipcode": "42400", "state": "Idaho", "city": "Boise", "cell_phone": "598-333-0377", "student_picture": "default2.jpg"}}, {"model": "oneplace.student", "pk": 112, "fields": {"student_alt_id": "no student id", "first_name": "Kevyn", "last_name": "Lindsay", "address": "7503 Lorem Ave", "zipcode": "85922", "state": "Idaho", "city": "Meridian", "cell_phone": "878-304-3163", "student_picture": "default2.jpg"}}, {"model": "oneplace.student", "pk": 113, "fields": {"student_alt_id": "no student id", "first_name": "Lesley", "last_name": "Stokes", "address": "6558 Auctor, Rd.", "zipcode": "93307", "state": "Kansas", "city": "Olathe", "cell_phone": "168-103-0828", "student_picture": "default2.jpg"}}, {"model": "oneplace.student", "pk": 114, "fields": {"student_alt_id": "no student id", "first_name": "Walter", "last_name": "Booker", "address": "P.O. Box 459, 9236 Ac, Street", "zipcode": "32174", "state": "Ohio", "city": "Cleveland", "cell_phone": "491-521-9200", "student_picture": "default2.jpg"}}, {"model": "oneplace.student", "pk": 115, "fields": {"student_alt_id": "no student id", "first_name": "Julie", "last_name": "Acevedo", "address": "P.O. Box 493, 5326 Magna. St.", "zipcode": "90875", "state": "Texas", "city": "San Antonio", "cell_phone": "324-814-6204", "student_picture": "default2.jpg"}}, {"model": "oneplace.student", "pk": 116, "fields": {"student_alt_id": "no student id", "first_name": "Miriam", "last_name": "Morgan", "address": "215-4832 Orci Street", "zipcode": "30530", "state": "Hawaii", "city": "Kaneohe", "cell_phone": "472-966-7403", "student_picture": "default2.jpg"}}, {"model": "oneplace.student", "pk": 117, "fields": {"student_alt_id": "no student id", "first_name": "Thor", "last_name": "Castro", "address": "191-195 Arcu. Rd.", "zipcode": "38820", "state": "Washington", "city": "Bellevue", "cell_phone": "821-947-4075", "student_picture": "default2.jpg"}}, {"model": "oneplace.student", "pk": 118, "fields": {"student_alt_id": "no student id", "first_name": "Leonard", "last_name": "Kirkland", "address": "645-8996 Cum Rd.", "zipcode": "66678", "state": "Massachusetts", "city": "Cambridge", "cell_phone": "335-961-2176", "student_picture": "default2.jpg"}}, {"model": "oneplace.student", "pk": 119, "fields": {"student_alt_id": "no student id", "first_name": "Suki", "last_name": "Delaney", "address": "Ap #339-1184 Et Avenue", "zipcode": "97071", "state": "Michigan", "city": "Sterling Heights", "cell_phone": "517-277-8607", "student_picture": "default2.jpg"}}, {"model": "oneplace.student", "pk": 120, "fields": {"student_alt_id": "no student id", "first_name": "Wendy", "last_name": "Mcconnell", "address": "6451 Donec Road", "zipcode": "60853", "state": "Minnesota", "city": "Duluth", "cell_phone": "507-810-2944", "student_picture": "default2.jpg"}}, {"model": "oneplace.student", "pk": 121, "fields": {"student_alt_id": "no student id", "first_name": "Quemby", "last_name": "Flowers", "address": "Ap #202-6779 Fusce Av.", "zipcode": "15558", "state": "Minnesota", "city": "Bloomington", "cell_phone": "707-906-8437", "student_picture": "default2.jpg"}}, {"model": "oneplace.student", "pk": 122, "fields": {"student_alt_id": "no student id", "first_name": "Sigourney", "last_name": "Buck", "address": "2572 Metus Road", "zipcode": "64988", "state": "Minnesota", "city": "Rochester", "cell_phone": "621-704-5280", "student_picture": "default2.jpg"}}, {"model": "oneplace.student", "pk": 123, "fields": {"student_alt_id": "no student id", "first_name": "Adam", "last_name": "Moody", "address": "946-7631 A Street", "zipcode": "59033", "state": "Florida", "city": "Orlando", "cell_phone": "903-823-9462", "student_picture": "default2.jpg"}}, {"model": "oneplace.student", "pk": 124, "fields": {"student_alt_id": "no student id", "first_name": "Jason", "last_name": "Dean", "address": "6733 Et Av.", "zipcode": "84718", "state": "Pennsylvania", "city": "Erie", "cell_phone": "993-499-8140", "student_picture": "default2.jpg"}}, {"model": "oneplace.student", "pk": 125, "fields": {"student_alt_id": "no student id", "first_name": "Quawan", "last_name": "Smith", "address": "Yellow Stone st", "zipcode": "55658", "state": "CA", "city": "Sacramento", "cell_phone": "575-858-9875", "student_picture": "IMG_2499.JPG"}}, {"model": "oneplace.lesson", "pk": 6, "fields": {"class_alt_id": "C100", "class_name": "Introduction To Guitar", "class_description": "Learn the basics of Guitar playing", "class_capacity": 8, "start_time": "2017-04-04T18:00:00", "end_time": "2017-04-04T20:00:00", "room_location": "TBA", "level": 1}}, {"model": "oneplace.lesson", "pk": 7, "fields": {"class_alt_id": "no lesson id", "class_name": "Modern Music", "class_description": "Advance Concepts in Music", "class_capacity": 8, "start_time": "2017-05-04T18:00:00", "end_time": "2017-05-04T22:00:00", "room_location": "TBA", "level": 2}}, {"model": "oneplace.lesson", "pk": 8, "fields": {"class_alt_id": "no lesson id", "class_name": "Learning the Basics of Tango and History", "class_description": "Learn the basics of Tango Dance", "class_capacity": 6, "start_time": "2017-03-04T12:30:00", "end_time": "2017-03-04T16:30:00", "room_location": "31", "level": 1}}, {"model": "oneplace.lesson", "pk": 9, "fields": {"class_alt_id": "no lesson id", "class_name": "Introduction to Jazz Music", "class_description": "Enjoy one full hour of smooth Jazz.", "class_capacity": 15, "start_time": "2017-03-05T19:00:00", "end_time": "2017-03-05T20:00:00", "room_location": "34", "level": 2}}, {"model": "oneplace.lesson", "pk": 12, "fields": {"class_alt_id": "no lesson id", "class_name": "Learn the Trumpet", "class_description": "Some experience required", "class_capacity": 10, "start_time": "2017-03-21T12:30:00", "end_time": "2017-03-04T17:00:00", "room_location": "TBA", "level": 3}}, {"model": "oneplace.lesson", "pk": 13, "fields": {"class_alt_id": "no lesson id", "class_name": "Intro to Python", "class_description": "Short class on some Python", "class_capacity": 25, "start_time": "2017-03-15T18:00:00", "end_time": "2017-03-15T20:00:00", "room_location": "42", "level": 3}}, {"model": "oneplace.lesson", "pk": 16, "fields": {"class_alt_id": "no lesson id", "class_name": "Intro to the Financial Markets", "class_description": "Lets make some money.", "class_capacity": 7, "start_time": "2017-03-15T19:00:00", "end_time": "2017-03-15T21:00:00", "room_location": "35", "level": 2}}, {"model": "oneplace.lesson", "pk": 18, "fields": {"class_alt_id": "no lesson id", "class_name": "Intro to Personal Fitness", "class_description": "Understanding how to live a healthy life", "class_capacity": 20, "start_time": "2017-06-15T18:30:00", "end_time": "2017-06-15T19:30:00", "room_location": "TBA", "level": 1}}, {"model": "oneplace.lesson", "pk": 20, "fields": {"class_alt_id": "no lesson id", "class_name": "Advance Writing Composition", "class_description": "For People who love to Write", "class_capacity": 7, "start_time": "2017-05-03T18:00:00", "end_time": "2017-05-03T20:00:00", "room_location": "23", "level": 2}}, {"model": "oneplace.lesson", "pk": 33, "fields": {"class_alt_id": "no lesson id", "class_name": "Intro to Backpacking", "class_description": "Learn how to travel the world", "class_capacity": 10, "start_time": "2017-05-05T18:00:00", "end_time": "2017-05-05T18:00:00", "room_location": "TBA", "level": 1}}, {"model": "oneplace.lesson_level", "pk": 1, "fields": {"level_name": "Beginner", "level_description": "Intro Level to all Classes"}}, {"model": "oneplace.lesson_level", "pk": 2, "fields": {"level_name": "Advance", "level_description": "Mastery"}}, {"model": "oneplace.lesson_level", "pk": 3, "fields": {"level_name": "Intermediate", "level_description": "Intermediate level"}}, {"model": "oneplace.student_in_lesson", "pk": 6, "fields": {"lesson": 6, "student": 15, "enrollment_date": "2017-02-07T02:37:32.642"}}, {"model": "oneplace.student_in_lesson", "pk": 7, "fields": {"lesson": 6, "student": 19, "enrollment_date": "2017-02-07T02:38:33.487"}}, {"model": "oneplace.student_in_lesson", "pk": 9, "fields": {"lesson": 6, "student": 17, "enrollment_date": "2017-02-07T09:59:28.795"}}, {"model": "oneplace.student_in_lesson", "pk": 12, "fields": {"lesson": 9, "student": 20, "enrollment_date": "2017-02-07T13:45:46.746"}}, {"model": "oneplace.student_in_lesson", "pk": 16, "fields": {"lesson": 9, "student": 19, "enrollment_date": "2017-02-21T07:07:03.864"}}, {"model": "oneplace.student_in_lesson", "pk": 17, "fields": {"lesson": 9, "student": 17, "enrollment_date": "2017-02-21T07:07:42.774"}}, {"model": "oneplace.student_in_lesson", "pk": 19, "fields": {"lesson": 16, "student": 19, "enrollment_date": "2017-02-22T16:35:31.987"}}, {"model": "oneplace.student_in_lesson", "pk": 20, "fields": {"lesson": 16, "student": 15, "enrollment_date": "2017-02-22T16:35:50.686"}}, {"model": "oneplace.student_in_lesson", "pk": 21, "fields": {"lesson": 16, "student": 17, "enrollment_date": "2017-02-22T16:36:24.779"}}, {"model": "oneplace.student_in_lesson", "pk": 22, "fields": {"lesson": 16, "student": 20, "enrollment_date": "2017-02-22T16:36:44.387"}}, {"model": "oneplace.student_in_lesson", "pk": 23, "fields": {"lesson": 8, "student": 22, "enrollment_date": "2017-02-24T21:12:35.439"}}, {"model": "oneplace.student_in_lesson", "pk": 24, "fields": {"lesson": 8, "student": 15, "enrollment_date": "2017-02-24T21:12:50.919"}}, {"model": "oneplace.student_in_lesson", "pk": 25, "fields": {"lesson": 6, "student": 20, "enrollment_date": "2017-02-25T08:37:46.266"}}, {"model": "oneplace.student_in_lesson", "pk": 28, "fields": {"lesson": 13, "student": 19, "enrollment_date": "2017-02-25T09:10:57.900"}}, {"model": "oneplace.student_in_lesson", "pk": 29, "fields": {"lesson": 9, "student": 32, "enrollment_date": "2017-02-25T09:11:17.057"}}, {"model": "oneplace.student_in_lesson", "pk": 30, "fields": {"lesson": 8, "student": 60, "enrollment_date": "2017-02-25T09:54:51.250"}}, {"model": "oneplace.student_in_lesson", "pk": 31, "fields": {"lesson": 13, "student": 125, "enrollment_date": "2017-02-25T09:55:24.176"}}, {"model": "oneplace.student_in_lesson", "pk": 32, "fields": {"lesson": 13, "student": 69, "enrollment_date": "2017-02-25T09:58:33.914"}}, {"model": "oneplace.student_in_lesson", "pk": 33, "fields": {"lesson": 13, "student": 59, "enrollment_date": "2017-02-25T10:02:00.647"}}, {"model": "oneplace.student_in_lesson", "pk": 34, "fields": {"lesson": 16, "student": 61, "enrollment_date": "2017-02-25T11:39:44.631"}}, {"model": "oneplace.student_in_lesson", "pk": 35, "fields": {"lesson": 16, "student": 28, "enrollment_date": "2017-02-25T11:39:54.637"}}, {"model": "oneplace.student_in_lesson", "pk": 36, "fields": {"lesson": 16, "student": 63, "enrollment_date": "2017-02-25T11:40:16.713"}}, {"model": "oneplace.student_in_lesson", "pk": 37, "fields": {"lesson": 18, "student": 125, "enrollment_date": "2017-02-26T09:40:37.820"}}, {"model": "oneplace.student_in_lesson", "pk": 38, "fields": {"lesson": 18, "student": 19, "enrollment_date": "2017-02-26T09:41:07.159"}}, {"model": "oneplace.student_in_lesson", "pk": 39, "fields": {"lesson": 6, "student": 26, "enrollment_date": "2017-02-26T09:42:03.482"}}, {"model": "oneplace.student_in_lesson", "pk": 40, "fields": {"lesson": 6, "student": 29, "enrollment_date": "2017-02-26T09:42:17.123"}}, {"model": "oneplace.student_in_lesson", "pk": 41, "fields": {"lesson": 6, "student": 28, "enrollment_date": "2017-02-26T09:42:30.182"}}, {"model": "oneplace.student_in_lesson", "pk": 42, "fields": {"lesson": 6, "student": 125, "enrollment_date": "2017-02-26T09:42:40.672"}}, {"model": "oneplace.student_in_lesson", "pk": 43, "fields": {"lesson": 12, "student": 24, "enrollment_date": "2017-02-26T14:58:04.315"}}, {"model": "oneplace.student_in_lesson", "pk": 44, "fields": {"lesson": 33, "student": 44, "enrollment_date": "2017-02-26T14:58:18.944"}}, {"model": "oneplace.student_in_lesson", "pk": 45, "fields": {"lesson": 33, "student": 125, "enrollment_date": "2017-02-26T14:58:44.275"}}, {"model": "oneplace.instructor_in_lesson", "pk": 1, "fields": {"lesson": 6, "instructor": 3, "enrollment_date": "2017-02-07T00:45:40.388"}}, {"model": "oneplace.instructor_in_lesson", "pk": 2, "fields": {"lesson": 7, "instructor": 3, "enrollment_date": "2017-02-07T02:38:57.366"}}, {"model": "oneplace.instructor_in_lesson", "pk": 3, "fields": {"lesson": 9, "instructor": 3, "enrollment_date": "2017-02-07T13:45:28.074"}}, {"model": "oneplace.instructor_in_lesson", "pk": 5, "fields": {"lesson": 8, "instructor": 5, "enrollment_date": "2017-02-18T19:58:10.949"}}, {"model": "oneplace.instructor_in_lesson", "pk": 7, "fields": {"lesson": 8, "instructor": 8, "enrollment_date": "2017-02-25T09:10:25.466"}}, {"model": "oneplace.instructor_in_lesson", "pk": 8, "fields": {"lesson": 13, "instructor": 17, "enrollment_date": "2017-02-25T09:10:43.821"}}, {"model": "oneplace.instructor_in_lesson", "pk": 10, "fields": {"lesson": 7, "instructor": 8, "enrollment_date": "2017-02-25T09:53:09.891"}}, {"model": "oneplace.instructor_in_lesson", "pk": 11, "fields": {"lesson": 16, "instructor": 5, "enrollment_date": "2017-02-25T09:53:40.798"}}, {"model": "oneplace.instructor_in_lesson", "pk": 12, "fields": {"lesson": 18, "instructor": 14, "enrollment_date": "2017-02-26T09:40:13.872"}}, {"model": "oneplace.instructor_in_lesson", "pk": 18, "fields": {"lesson": 7, "instructor": 16, "enrollment_date": "2017-03-05T11:43:01.580"}}]